SN,,,,, Intrested In Learning, Gender, Level, Location,  Date Created,,,,,
1,,,,,Data Analyst,Female,Beginner,Lagos,24/07/2023 11:43,,,,,
2,,,,,Graphic design skills,Male,Beginner,Akerebiata area ilorin, kwara state,25/07/2023 08:08,,,,
3,,,,,Data analysis,Male,Beginner,Ilorin,25/07/2023 08:46,,,,,
4,,,,,Any skill,Male,Beginner,Kwara state ilorin,25/07/2023 08:59,,,,,
5,,,,,Web design/ data analyst,Female,Beginner,Behind balee's house, Owode Ede, Osun state.,25/07/2023 11:02,,,
6,,,,,I don't have idea on any, am a sociologist,Male,Beginner,Makoko,25/07/2023 11:19,,,,
7,,,,,Coding,Male,Beginner,Lagos,25/07/2023 11:58,,,,,
8,,,,,Coding,Male,Beginner,Lagos,25/07/2023 11:58,,,,,
9,,,,,Computer science (graphics design),Male,Intermediate,Lagos ikoyi,25/07/2023 12:18,,,,,
10,,,,,All,Male,Beginner,NGN,25/07/2023 12:28,,,,,
11,,,,,Video Editing/App development,Male,Beginner,Lagos,25/07/2023 13:24,,,,,
12,,,,,ALL,Male,Intermediate,SAGAMU,25/07/2023 14:09,,,,,
13,,,,,Coding,Male,Intermediate,Lagos,25/07/2023 18:04,,,,,
14,,,,,Video editing and graphics designing,Female,Beginner,Ondo state,25/07/2023 18:26,,,,,
15,,,,,Social Media Marketers & Advertisement,Male,Intermediate,Osun state,25/07/2023 18:30,,,,,
16,,,,,,,,,25/07/2023 18:30,,,,,
17,,,,,,,,,25/07/2023 18:30,,,,,
18,,,,,Computer skills,Male,Intermediate,USA,25/07/2023 19:50,,,,,
19,,,,,Business Analysis,Male,Professional,Lagos,25/07/2023 19:54,,,,,
20,,,,,Data Analysis,Female,Beginner,Oyo,25/07/2023 20:06,,,,,
21,,,,,Mobile App development,Male,Intermediate,Iworoko, Ado Ekiti,25/07/2023 21:11,,,,
22,,,,,Digital skllis,Female,Beginner,Sango otta ogum state,25/07/2023 21:23,,,,,
23,,,,,Tech,Male,Beginner,Lagos,25/07/2023 22:32,,,,,
24,,,,,Front End Web Development,Female,Intermediate,Imoru, New-Site, Ijebu-Ode, Ogun State,25/07/2023 22:50,,
25,,,,,Project management,Female,Beginner,Lagos,26/07/2023 06:37,,,,,
26,,,,,Programming,Male,Beginner,Lagos,26/07/2023 08:38,,,,,
27,,,,,Back,Male,Beginner,Ogun state,26/07/2023 11:29,,,,,
28,,,,,Web development,Male,Beginner,Jos,26/07/2023 12:44,,,,,
29,,,,,Web development,Male,Beginner,Jos,26/07/2023 12:44,,,,,
30,,,,,Web development,Male,Beginner,Jos,26/07/2023 12:44,,,,,
31,,,,,Web development,Male,Beginner,Jos,26/07/2023 12:44,,,,,
32,,,,,Web development,Male,Beginner,Jos,26/07/2023 12:44,,,,,
33,,,,,Data analysis,Female,Intermediate,Lagos,26/07/2023 12:44,,,,,
34,,,,,Computer/Software,Male,Beginner,Ghana,26/07/2023 16:17,,,,,
35,,,,,Digital marketing,Female,,Abuja,26/07/2023 18:18,,,,,
36,,,,,Electrical,Male,Beginner,Ikeja,26/07/2023 19:13,,,,,
37,,,,,Tech,Preferred Not to say,Beginner,Lagos,26/07/2023 23:48,,,,,
38,,,,,front end web development,Male,Beginner,abeokuta,26/07/2023 23:52,,,,,
39,,,,,data Analst,Female,Beginner,lagos,27/07/2023 06:20,,,,,
40,,,,,CSR,Female,,Lagos,27/07/2023 11:05,,,,,
41,,,,,CSR,Female,Beginner,Lagos,27/07/2023 11:05,,,,,
42,,,,,UI/UX design,Female,,Lagos State,27/07/2023 11:27,,,,,
43,,,,,Coding,Female,Beginner,Lagos,27/07/2023 19:22,,,,,
44,,,,,Product  design development,Female,Beginner,Uk,27/07/2023 20:19,,,,,
45,,,,,Web development,Female,Beginner,Lagos,27/07/2023 20:28,,,,,
46,,,,,Coding,Male,Beginner,Sango,Ogun,27/07/2023 21:03,,,,
47,,,,,App development,Male,,Ile ife,28/07/2023 17:28,,,,,
48,,,,,Data Analysis,Male,Beginner,Ebonyi,29/07/2023 07:33,,,,,
49,,,,,Software development,Male,Beginner,Nigeria,29/07/2023 08:34,,,,,
50,,,,,Social Media Management,Female,Intermediate,Lagos,29/07/2023 19:54,,,,,
51,,,,,Product Manager,Male,Beginner,United Kingdom,29/07/2023 19:55,,,,,
52,,,,,Product Manager,Male,Beginner,United Kingdom,29/07/2023 19:55,,,,,
53,,,,,General,Male,,Lagos,30/07/2023 11:38,,,,,
54,,,,,Operations and project management,Female,Intermediate,Ogun,31/07/2023 08:22,,,,,
55,,,,,Digital and Product Marketing,Female,Beginner,Lagos NG,31/07/2023 08:41,,,,,
56,,,,,Full stack,Male,,Abuja,31/07/2023 21:42,,,,,
57,,,,,Website,Male,Beginner,Gbagada,01/08/2023 07:25,,,,,
58,,,,,UI/UX design,Female,Beginner,Lagos state,01/08/2023 08:34,,,,,
59,,,,,uiux design,Female,,Akure,01/08/2023 11:07,,,,,
60,,,,,uiux design,Female,,Akure,01/08/2023 11:10,,,,,
61,,,,,Software engineering,Male,Beginner,Ekpoma Edo-state,01/08/2023 11:59,,,,,
62,,,,,Digital marketing,Male,Intermediate,Lagos,01/08/2023 14:56,,,,,
63,,,,,Data science,Female,Intermediate,UK,01/08/2023 16:59,,,,,
64,,,,,Tech,Male,Beginner,Ogun state,01/08/2023 17:59,,,,,
65,,,,,Front End Web Page Developer,Female,Beginner,Lagos,01/08/2023 18:13,,,,,
66,,,,,AI,Female,Beginner,Benin city, Nigeria,02/08/2023 00:26,,,,
67,,,,,Coding,Male,Beginner,Lagos, Nigeria,02/08/2023 02:19,,,,
68,,,,,Programming,Male,Beginner,Lagos,02/08/2023 07:49,,,,,
69,,,,,Digital marketing, SEO,Female,Beginner,Nigeria,02/08/2023 08:05,,,,
70,,,,,Digital marketing,Male,Intermediate,Ibadan Oyo state,02/08/2023 08:38,,,,,
71,,,,,wilfridahossi649@gmail.com,Male,Beginner,Yes,02/08/2023 09:15,,,,,
72,,,,,Graphics,Female,Beginner,Nigeria,02/08/2023 09:43,,,,,
73,,,,,Graphics,Female,Beginner,Nigeria h,02/08/2023 09:44,,,,,
74,,,,,UI/UX,Female,Beginner,Lagos,02/08/2023 11:41,,,,,
75,,,,,Tech,Male,Beginner,Port Harcourt,02/08/2023 11:51,,,,,
76,,,,,UI/UX,Male,Beginner,Lagos,02/08/2023 12:22,,,,,
77,,,,,Frontend Dev /Data Analytics,Male,Beginner,Lagos,02/08/2023 12:22,,,,,
78,,,,,Frontend Dev /Data Analytics,Male,Beginner,Lagos,02/08/2023 12:23,,,,,
79,,,,,Tech,Male,,Ilorin,02/08/2023 14:44,,,,,
80,,,,,Data Science,Male,Beginner,Porthacourt,02/08/2023 14:55,,,,,
81,,,,,Data science,Female,Beginner,Lagos,02/08/2023 15:01,,,,,
82,,,,,Data science,Female,Beginner,Lagos,02/08/2023 15:01,,,,,
83,,,,,Graphics design,Male,Intermediate,Enugu,02/08/2023 15:17,,,,,
84,,,,,Artificial intelligence and Cyber Security,Female,Beginner,Port Harcourt,02/08/2023 15:46,,,,,
85,,,,,Data analysis,Male,Intermediate,Lagos,02/08/2023 16:02,,,,,
86,,,,,Data science and programming,Male,,Osun,02/08/2023 18:24,,,,,
87,,,,,Digital  marketing,Female,Beginner,Lagos,02/08/2023 19:45,,,,,
88,,,,,Coding,Female,Beginner,Nigeria,02/08/2023 20:44,,,,,
89,,,,,Data Analysis,Female,Beginner,Cross River State, Nigeria,02/08/2023 20:47,,,,
90,,,,,Data Analysis,Female,Beginner,Cross River State, Nigeria,02/08/2023 20:54,,,,
91,,,,,Artificial intelligence,Male,Beginner,Port Harcourt  Nigeria,02/08/2023 21:22,,,,,
92,,,,,Project management,Female,Professional,Kaduna state,03/08/2023 03:53,,,,,
93,,,,,Data Science, Analytics,Male,Professional,Lagos,03/08/2023 06:33,,,,
94,,,,,I don't have any idea now,Male,Beginner,Anambra,03/08/2023 08:46,,,,,
95,,,,,Tech Writing,Female,Intermediate,Jos, Nigeria,03/08/2023 09:57,,,,
96,,,,,Data Science, Business Analytics, Data Analytics,Female,Professional,England,03/08/2023 10:50,,,
97,,,,,Artificial intelligence,Female,Beginner,Nigeria,03/08/2023 10:56,,,,,
98,,,,,IT Support,Male,Intermediate,Jos,03/08/2023 15:08,,,,,
99,,,,,Web developer and design,Male,Beginner,Akure. Ondo state,03/08/2023 23:30,,,,,
100,,,,,Coding,Female,Beginner,Ghana,04/08/2023 04:36,,,,,
101,,,,,Content Creation,Male,Beginner,Warri,04/08/2023 07:14,,,,,
102,,,,,Social media manager and content creator,Female,Beginner,Akure, Nigeria,04/08/2023 07:47,,,,
103,,,,,Not sure,Female,Beginner,Jos,04/08/2023 09:25,,,,,
104,,,,,Digital marketing,Female,Intermediate,Lagos, Nigeria,04/08/2023 10:40,,,,
105,,,,,UI/UX,Male,Beginner,Lagos,04/08/2023 14:07,,,,,
106,,,,,Tech,Female,Beginner,Edo State,04/08/2023 14:10,,,,,
107,,,,,Tech,Female,Beginner,Lagos,04/08/2023 14:10,,,,,
108,,,,,Web development,Male,Beginner,Abeokuta Ogun State,04/08/2023 14:23,,,,,
109,,,,,Web Development,Female,Beginner,Oyo,04/08/2023 14:26,,,,,
110,,,,,UI / UX,Male,Beginner,Abeokuta,04/08/2023 14:28,,,,,
111,,,,,Tech,Female,Beginner,Lagos,04/08/2023 14:28,,,,,
112,,,,,Digital Marketing, Influencer Marketing,Female,Beginner,Umuahia, Abia,04/08/2023 14:31,,,
113,,,,,Web design and graphic design,Male,Beginner,Lagos, Nigeria,04/08/2023 14:31,,,,
114,,,,,Web development,Female,Professional,Ife, Osun state,04/08/2023 14:32,,,,
115,,,,,Web development,Female,Professional,Ife, Osun state,04/08/2023 14:32,,,,
116,,,,,AI,Female,Beginner,Abuja, Nigeria.,04/08/2023 14:36,,,,
117,,,,,AI,Female,Beginner,Abuja, Nigeria.,04/08/2023 14:37,,,,
118,,,,,Web design,Male,Beginner,Kano,04/08/2023 14:51,,,,,
119,,,,,Brand Identity Design,Male,Intermediate,Ekiti,04/08/2023 15:07,,,,,
120,,,,,DATA ANALYSIS AND CLOUD COMPUTING,Female,Beginner,Lagos,04/08/2023 15:22,,,,,
121,,,,,Data analysis,Male,Beginner,LAGOS NIGERIA,04/08/2023 15:28,,,,,
122,,,,,Programming| Web development,Male,Beginner,Ibadan, Oyo State,04/08/2023 15:30,,,,
123,,,,,Web Development,Female,Beginner,Choba, Port Harcourt,04/08/2023 15:32,,,,
124,,,,,Web development,Female,Beginner,Nigeria,04/08/2023 15:33,,,,,
125,,,,,Software engineering,Male,Beginner,Mowe Ogun state,04/08/2023 15:34,,,,,
126,,,,,Any tech skill,Male,Beginner,Nigeria,04/08/2023 15:34,,,,,
127,,,,,Web design and graphics.,Male,Beginner,Edo state,04/08/2023 15:35,,,,,
128,,,,,Technology,Female,Intermediate,56, Adekeye Street,Ajegunle Apapa Lagos.,04/08/2023 15:39,,,
129,,,,,Software engineering,Female,Intermediate,Ibadan,04/08/2023 15:41,,,,,
130,,,,,Technology,Female,,56, Adekeye Street, Ajegunle Apapa Lagos.,04/08/2023 15:42,,,
131,,,,,Technology,Female,,56, Adekeye Street, Ajegunle Apapa Lagos.,04/08/2023 15:42,,,
132,,,,,Technology,Female,,56, Adekeye Street, Ajegunle Apapa Lagos.,04/08/2023 15:42,,,
133,,,,,Tech,Male,Beginner,Edo State, Nigeria.,04/08/2023 15:42,,,,
134,,,,,Web design,Male,Beginner,Lagos,04/08/2023 15:43,,,,,
135,,,,,Web development,Female,Beginner,Abia state, Nigeria,04/08/2023 15:46,,,,
136,,,,,Graphic Design,Male,Intermediate,Ebonyi state,04/08/2023 15:49,,,,,
137,,,,,Graphic Design,Male,Intermediate,Ebonyi state,04/08/2023 15:52,,,,,
138,,,,,UI/UX design,Female,Beginner,Lagos,04/08/2023 15:56,,,,,
139,,,,,Wrige, make music online, make website,,Female,,United Kingdom,04/08/2023 16:18,,
140,,,,,Cybersecurity,Female,,Nigeria,04/08/2023 16:23,,,,,
141,,,,,Not sure,Female,Beginner,Nigeria,04/08/2023 16:29,,,,,
142,,,,,Tech Management,Male,Beginner,Enugu State,04/08/2023 16:43,,,,,
143,,,,,Web3,Female,Beginner,Ogun state,04/08/2023 16:47,,,,,
144,,,,,Product Management,Male,Beginner,Warri,04/08/2023 16:55,,,,,
145,,,,,Full Stack,Female,Beginner,Akure,04/08/2023 17:12,,,,,
146,,,,,Full Stack,Female,Beginner,Akure,04/08/2023 17:12,,,,,
147,,,,,Cyber security,Female,Beginner,Lagos,04/08/2023 17:15,,,,,
148,,,,,Tech,Male,Beginner,Lagos,04/08/2023 17:19,,,,,
149,,,,,I’m still confused on what to do,Female,Beginner,Enugu,04/08/2023 17:35,,,,,
150,,,,,Programming and web development,Male,Beginner,Zaria kaduna state,04/08/2023 17:57,,,,,
151,,,,,Online marketing,Female,,Lagos,04/08/2023 18:06,,,,,
152,,,,,Product management,Female,Intermediate,Nigeria,04/08/2023 18:11,,,,,
153,,,,,Product management,Female,Intermediate,Nigeria,04/08/2023 18:11,,,,,
154,,,,,Tech,Male,Beginner,25b ekimogun street,04/08/2023 18:16,,,,,
155,,,,,Ai,Female,Beginner,Lagos State,Nigeria,04/08/2023 20:35,,,,
156,,,,,Web development,Male,Beginner,Kogi state,04/08/2023 21:07,,,,,
157,,,,,Web design,Female,Beginner,Ago Iwoye (School) or Lagos (Home),04/08/2023 21:09,,,,,
158,,,,,Data analysis,Female,Beginner,Ibadan,04/08/2023 21:14,,,,,
159,,,,,I'm interested in getting insight into tech skills,Female,Beginner,Anambra,04/08/2023 22:15,,,,,
160,,,,,Tech,Male,Beginner,Nigeria,05/08/2023 06:39,,,,,
161,,,,,Website Design. Front end and Back end,Male,Beginner,FUTA, Akure, Ondo State, Nigeria.,05/08/2023 06:41,,
162,,,,,Web development,Female,Beginner,Lagos, Nigeria.,05/08/2023 07:50,,,,
163,,,,,graphics design,Male,Beginner,Ilorin,05/08/2023 08:04,,,,,
164,,,,,Website design and Programming,Male,Beginner,Ibadan Nigeria,05/08/2023 08:09,,,,,
165,,,,,Data analysis,Female,Beginner,Ogunstate,05/08/2023 08:19,,,,,
166,,,,,UI/UX,Female,Beginner,Abuja,05/08/2023 08:27,,,,,
167,,,,,Tech,Female,Beginner,Osun State,05/08/2023 08:47,,,,,
168,,,,,Backend developer,Female,Beginner,Osun-state,05/08/2023 16:30,,,,,
169,,,,,Web development,Female,Beginner,Lagos Nigeria,05/08/2023 16:34,,,,,
170,,,,,Web development,Female,Beginner,Lagos Nigeria,05/08/2023 16:34,,,,,
171,,,,,Graphic design,Male,Beginner,Ojo, Lagos,05/08/2023 16:40,,,,
172,,,,,Web development,Male,Beginner,Ibadan,05/08/2023 16:41,,,,,
173,,,,,Web development,Male,Beginner,Ibadan,05/08/2023 16:42,,,,,
174,,,,,Full stack development,Male,Beginner,Nigeria,05/08/2023 16:46,,,,,
175,,,,,Tech,Female,Beginner,Lagos state,05/08/2023 16:49,,,,,
176,,,,,Don't know yet,Female,Beginner,Egypt,05/08/2023 16:53,,,,,
177,,,,,Don't know yet,Female,Beginner,Egypt,05/08/2023 16:53,,,,,
178,,,,,Graphics Design, Cyber security and Data Analysis,Male,Beginner,Lagos, Nigeria,05/08/2023 16:56,,,
179,,,,,Graphic designer, and content creation,Male,Intermediate,Anambra,05/08/2023 16:58,,,,
180,,,,,Digital marketing,Male,Beginner,Lagos,05/08/2023 17:00,,,,,
181,,,,,Anything tech,Female,Intermediate,Accra, Ghana.,05/08/2023 17:05,,,,
182,,,,,Graphic Design,Male,Beginner,Nigeria,05/08/2023 17:16,,,,,
183,,,,,Data analysis,Female,Beginner,Ibadan,05/08/2023 17:49,,,,,
184,,,,,Technology,Female,,Lagos state badagry west,05/08/2023 17:51,,,,,
185,,,,,Coding,Female,Beginner,Ogbomoso,05/08/2023 17:53,,,,,
186,,,,,Coding,Female,Beginner,Ogbomoso,05/08/2023 17:53,,,,,
187,,,,,Web Design & Development,Male,Beginner,Lagos, Nigeria,05/08/2023 17:59,,,,
188,,,,,Data science,Female,Beginner,Lagos,05/08/2023 18:05,,,,,
189,,,,,Tech,Female,Beginner,Kaduna state,05/08/2023 18:27,,,,,
190,,,,,Tech,Female,Beginner,Kaduna state,05/08/2023 18:27,,,,,
191,,,,,Digital marketing,Male,Beginner,Ilorin,05/08/2023 18:37,,,,,
192,,,,,Tech,Female,Beginner,Lagos, Nigeria,06/08/2023 08:05,,,,
193,,,,,Web development,Female,Intermediate,Accra Ghana,06/08/2023 12:53,,,,,
194,,,,,Web development,Female,Intermediate,Accra Ghana,06/08/2023 12:53,,,,,
195,,,,,Data Science,Female,Beginner,OAU,06/08/2023 15:16,,,,,
196,,,,,Data Science,Female,Beginner,OAU,06/08/2023 15:19,,,,,
197,,,,,Full stack and Blockchain,Male,Beginner,Enugu,06/08/2023 23:34,,,,,
198,,,,,Product management,Female,Beginner,Abeokuta,07/08/2023 08:36,,,,,
199,,,,,Web development,Female,Beginner,Lagos,07/08/2023 09:10,,,,,
200,,,,,Web development,Female,Beginner,Lagos,07/08/2023 09:10,,,,,
201,,,,,Graphic design,Male,Beginner,Ibadan, Nigeria,07/08/2023 09:11,,,,
202,,,,,Web developer (front end),Female,Beginner,Ile-ife,  Osun state,  Nigeria,07/08/2023 09:13,,,
203,,,,,Web development,Female,Beginner,Akure,07/08/2023 09:15,,,,,
204,,,,,Ui/Ux,Female,Beginner,Lagos,07/08/2023 09:39,,,,,
205,,,,,Product management,Female,Beginner,Lagos,07/08/2023 10:00,,,,,
206,,,,,Data analytics,Female,Beginner,Lagos,07/08/2023 10:19,,,,,
207,,,,,Cybersecurity / data analytics,Male,Beginner,Nigeria,07/08/2023 11:19,,,,,
208,,,,,Forex trading,Male,Beginner,Ijebu ode,07/08/2023 11:20,,,,,
209,,,,,Technical writing,Female,Beginner,Lagos,07/08/2023 11:27,,,,,
210,,,,,Web Development,Female,Beginner,Lagos/ Ekiti,07/08/2023 11:59,,,,,
211,,,,,Counseling,Female,Beginner,Nigeria,07/08/2023 11:59,,,,,
212,,,,,Counseling,Female,Beginner,Nigeria,07/08/2023 11:59,,,,,
213,,,,,Programing and Blockchain technology,Female,Beginner,Benin city, Edo state, Nigeria.,07/08/2023 12:01,,,
214,,,,,Programing and Blockchain technology,Female,Beginner,Benin city, Edo state, Nigeria.,07/08/2023 12:01,,,
215,,,,,How to design,Female,Beginner,Lagos,07/08/2023 12:02,,,,,
216,,,,,Coding and web development,Female,Beginner,Ekiti,07/08/2023 12:10,,,,,
217,,,,,Web development,Female,Beginner,Lagos,07/08/2023 12:12,,,,,
218,,,,,Web development,Female,Beginner,Lagos,07/08/2023 12:20,,,,,
219,,,,,Web development,Female,Beginner,Mowe, Ogun state,07/08/2023 12:32,,,,
220,,,,,Web development,Female,Beginner,Mowe, Ogun state,07/08/2023 12:33,,,,
221,,,,,Tech,Female,Beginner,Osun state,07/08/2023 12:40,,,,,
222,,,,,Coding,Web design,Female,Beginner,Lagos,07/08/2023 12:41,,,,
223,,,,,Cybersecurity,Male,Beginner,Nigeria,07/08/2023 12:45,,,,,
224,,,,,Graphics designing,Female,Intermediate,Lagos state,07/08/2023 12:46,,,,,
225,,,,,Web development,Female,Beginner,Osun State,07/08/2023 12:47,,,,,
226,,,,,Tech....Reviews And Development,Male,Beginner,Nigeria.. Osogbo,07/08/2023 12:52,,,,,
227,,,,,Virtual assistant,Female,Intermediate,Ijebu ode,07/08/2023 12:53,,,,,
228,,,,,Full stack web development and data analytics,Female,Beginner,igwefavour009@gmail.com,07/08/2023 13:05,,,,,
229,,,,,Full stack web development and data analytics,Female,Beginner,igwefavour009@gmail.com,07/08/2023 13:06,,,,,
230,,,,,Not yet decided,Female,Intermediate,Nigeria,07/08/2023 13:19,,,,,
231,,,,,Graphic Design and Video Editing,Female,Intermediate,Osun Nigeria,07/08/2023 13:24,,,,,
232,,,,,web development,Male,Beginner,itasaku,07/08/2023 13:30,,,,,
233,,,,,CAC,Female,Beginner,Ilorin,07/08/2023 13:54,,,,,
234,,,,,Tech,Female,Beginner,Ilorin,07/08/2023 13:56,,,,,
235,,,,,Excel word and Google workspace,Female,Beginner,No 12 Alarape street langbasa Ajah Lagos,07/08/2023 14:05,,,,,
236,,,,,Excel word and Google workspace,Female,Beginner,No 12 Alarape street langbasa Ajah Lagos,07/08/2023 14:05,,,,,
237,,,,,Excel word and Google workspace,Female,Beginner,No 12 Alarape street langbasa Ajah Lagos,07/08/2023 14:05,,,,,
238,,,,,Data analysis,Female,Beginner,Nigeria,07/08/2023 14:12,,,,,
239,,,,,Graphic Design,Female,Beginner,Ilorin,07/08/2023 14:14,,,,,
240,,,,,Tech,Male,Beginner,Ikorodu lagos,07/08/2023 14:33,,,,,
241,,,,,Web design,Female,Beginner,Lagos,07/08/2023 14:35,,,,,
242,,,,,Data analysis, Excel, pivot table, powerBI,Female,Beginner,Maiduguri,07/08/2023 14:35,,
243,,,,,Tech,Female,Beginner,Osun state,07/08/2023 14:45,,,,,
244,,,,,Graphic Design,Female,Intermediate,Nigeria,07/08/2023 14:55,,,,,
245,,,,,UI/UX design,Female,Beginner,Ogudu Lagos,07/08/2023 14:57,,,,,
246,,,,,Web development and business analysis.,Female,Beginner,Lagos, Surulere.,07/08/2023 15:05,,,,
247,,,,,Full stack and Blockchain,Male,Beginner,Enugu,07/08/2023 15:17,,,,,
248,,,,,Mobile developer,Male,Beginner,Akure,07/08/2023 15:53,,,,,
249,,,,,Coding,Male,Beginner,Ibadan,07/08/2023 16:01,,,,,
250,,,,,Graphic design,Female,Intermediate,Ife,07/08/2023 16:10,,,,,
251,,,,,Blogging, web development, mobile app creation,Male,Beginner,Oyo state, Nigeria,07/08/2023 16:39,,
252,,,,,Web design,Male,Beginner,Osun state,07/08/2023 17:16,,,,,
253,,,,,Data Analysis,Male,Beginner,Lagos,07/08/2023 18:30,,,,,
254,,,,,UI UX,Male,Intermediate,Ibadan, Nigeria,07/08/2023 21:57,,,,
255,,,,,Technology,Female,Beginner,Lagos State,07/08/2023 22:49,,,,,
256,,,,,Ui/Ux,Female,Beginner,Nasarawa,07/08/2023 23:41,,,,,
257,,,,,Software development,Male,Beginner,Lagos,08/08/2023 00:10,,,,,
258,,,,,Software development,Male,Beginner,Lagos,08/08/2023 00:10,,,,,
259,,,,,Video/audio editing,Male,Beginner,Port Harcourt,08/08/2023 08:32,,,,,
260,,,,,Product design,Female,Beginner,Lagos,08/08/2023 09:37,,,,,
261,,,,,Web design,Female,Beginner,Osun state,08/08/2023 09:38,,,,,
262,,,,,Web design,Female,Beginner,Ondo State, Nigeria,08/08/2023 09:39,,,,
263,,,,,Web development,Male,,Ilorin,08/08/2023 09:43,,,,,
264,,,,,Mobile App,Male,Professional,Ogun State,08/08/2023 09:47,,,,,
265,,,,,Graphics Design (Brand Identity Design),Female,Beginner,Warri/Ife,08/08/2023 09:48,,,,,
266,,,,,Graphic designer,Male,Professional,Lagos,08/08/2023 09:50,,,,,
267,,,,,Any skill,Female,Beginner,Ado Ekiti,08/08/2023 10:08,,,,,
268,,,,,Python programming,Male,Beginner,United Kingdom,08/08/2023 10:13,,,,,
269,,,,,Forex Trading,Male,Beginner,Nigeria,08/08/2023 10:15,,,,,
270,,,,,Forex Trading,Male,Beginner,Nigeria,08/08/2023 10:15,,,,,
271,,,,,Web development,Female,Beginner,Nigeria,08/08/2023 10:17,,,,,
272,,,,,Cyber hacking,Female,Beginner,Aba,Abia State,08/08/2023 10:18,,,,
273,,,,,Product design,Female,,Akure,08/08/2023 10:19,,,,,
274,,,,,Web designing,Male,Beginner,Lagos,08/08/2023 10:49,,,,,
275,,,,,Web design,Female,Beginner,Ibadan,08/08/2023 10:50,,,,,
276,,,,,Data analysis,Female,Beginner,Abeokuta, Nigeria,08/08/2023 10:50,,,,
277,,,,,Content Creation,Female,Beginner,Lagos,08/08/2023 10:52,,,,,
278,,,,,UI/UX,Female,Beginner,Lagos,08/08/2023 10:52,,,,,
279,,,,,Web design,Female,Beginner,Ibadan,08/08/2023 10:52,,,,,
280,,,,,Web design,Female,Beginner,Ibadan,08/08/2023 10:52,,,,,
281,,,,,Data Analysis,Female,Beginner,Lagos,08/08/2023 10:54,,,,,
282,,,,,Data Analysis,Female,Beginner,Lagos,08/08/2023 10:54,,,,,
283,,,,,Programing,Male,Beginner,Port Harcourt Rivers State,08/08/2023 11:08,,,,,
284,,,,,Python,Male,Beginner,Akure,08/08/2023 11:12,,,,,
285,,,,,Web Design,Male,Beginner,Delta State,08/08/2023 11:18,,,,,
286,,,,,Content Writing,Male,Intermediate,Ibadan, Oyo State, Nigeria,08/08/2023 11:34,,,
287,,,,,Data Analysis,Female,Beginner,Osogbo, Osun state, Nigeria,08/08/2023 11:53,,,
288,,,,,I don't know yet,Female,Intermediate,Ibadan/Ife,08/08/2023 11:55,,,,,
289,,,,,Project Management, UI/UX Interface, Data Analysis,Male,Beginner,Jos,  Nigeria,08/08/2023 12:45,,
290,,,,,Web design and product design,Male,Intermediate,Akure, Nigeria,08/08/2023 13:05,,,,
291,,,,,Project management and business analyst,Female,Beginner,Nasarawa,08/08/2023 14:54,,,,,
292,,,,,Programming,Female,Beginner,Ibadan, Oyo State,08/08/2023 15:05,,,,
293,,,,,Web Development,Female,Beginner,Akure,08/08/2023 15:20,,,,,
294,,,,,UI/UX design,Female,Beginner,Akwa Ibom,08/08/2023 15:23,,,,,
295,,,,,Digital marketing,Female,Intermediate,Lagos,08/08/2023 15:24,,,,,
296,,,,,Product Design,Female,Beginner,Ile Ife. Osun State,08/08/2023 15:39,,,,,
297,,,,,Web Design and development, Coding,Female,Beginner,Ibadan,08/08/2023 15:50,,,,
298,,,,,Business analysis,Female,Beginner,Kents UK,08/08/2023 15:56,,,,,
299,,,,,Tech knowledge,Female,Beginner,Lagos,08/08/2023 15:58,,,,,
300,,,,,IT,Male,Beginner,Imo State,08/08/2023 16:06,,,,,
301,,,,,Computer Tech,Male,Beginner,Akure,08/08/2023 16:10,,,,,
302,,,,,Tech,Male,,Ife,08/08/2023 17:24,,,,,
303,,,,,Tech,Male,Beginner,Ife,08/08/2023 17:27,,,,,
304,,,,,Tech,Female,Beginner,Abeokuta, Ogun state,08/08/2023 17:30,,,,
305,,,,,Digital Arts,Male,Intermediate,Rivers state.,08/08/2023 18:08,,,,,
306,,,,,Catering,Female,Intermediate,Ibadan,08/08/2023 21:09,,,,,
307,,,,,Web design,Female,,Editing state,09/08/2023 01:04,,,,,
308,,,,,Web3,Male,Beginner,Lagos, Nigeria,09/08/2023 06:17,,,,
309,,,,,Tech and writing,Female,Beginner,Abakaliki, Ebonyi state, Nigeria.,09/08/2023 08:23,,,
310,,,,,Web design | Graphics design,Female,Beginner,Akure, Ondo State  | Ogba, Lagos State,09/08/2023 08:42,,,
311,,,,,Software development,Male,Intermediate,Nigeria,09/08/2023 08:59,,,,,
312,,,,,Video editing,Female,Beginner,Abeokuta,09/08/2023 09:01,,,,,
313,,,,,Tech,Female,Beginner,Osun,09/08/2023 09:03,,,,,
314,,,,,Anyone,Female,Beginner,Lagos state,09/08/2023 09:34,,,,,
315,,,,,Artificial intelligence and machine learning,Male,Beginner,Rd 16 great gra Mgbaraja,09/08/2023 09:47,,,,,
316,,,,,Content writing and video editing,Female,Intermediate,Rivers State,09/08/2023 10:01,,,,,
317,,,,,Tech,Female,Beginner,Abuja,09/08/2023 10:40,,,,,
318,,,,,Tech,Female,,Abuja,09/08/2023 10:41,,,,,
319,,,,,Web development,Female,Beginner,Abuja,09/08/2023 10:44,,,,,
320,,,,,Web development,Male,Beginner,Lagos,09/08/2023 10:46,,,,,
321,,,,,Web development,Female,Beginner,Abuja,09/08/2023 10:47,,,,,
322,,,,,Graphic Design,Male,Beginner,Eruwa Oyo State,09/08/2023 10:55,,,,,
323,,,,,Computer Programming,Male,Beginner,LAUTECH, Ogbomoso,09/08/2023 11:09,,,,
324,,,,,Product management,Female,,Ile ife,09/08/2023 11:25,,,,,
325,,,,,Fullstack development,Male,,Abia State,09/08/2023 11:31,,,,,
326,,,,,Technology,Male,Beginner,Abeokuta,09/08/2023 11:38,,,,,
327,,,,,Data Analysis,Male,Beginner,Port Harcourt,09/08/2023 11:57,,,,,
328,,,,,Product design,Male,Beginner,Ibadan,09/08/2023 12:03,,,,,
329,,,,,Graphic design,Male,Beginner,Sagam,09/08/2023 12:10,,,,,
330,,,,,Video Editing,Female,Beginner,Port Harcourt, Nigeria,09/08/2023 12:28,,,,
331,,,,,Coding,Female,Beginner,Lome Togo,09/08/2023 12:40,,,,,
332,,,,,Web design and graphic design,Male,Intermediate,Lagos,09/08/2023 12:56,,,,,
333,,,,,Website development,Male,Intermediate,osogbo, nigeria,09/08/2023 13:02,,,,
334,,,,,Freelancing,Female,Beginner,Ibadan, Oyo state, Nigeria,09/08/2023 13:08,,,
335,,,,,Web development,Male,Intermediate,Akure,09/08/2023 13:27,,,,,
336,,,,,Full stack development,Female,Beginner,Nigeria,09/08/2023 13:48,,,,,
337,,,,,Web development, machine learning,Male,Beginner,Nigeria/Rwanda,09/08/2023 13:50,,,,
338,,,,,Web development,Male,Beginner,Lagos,09/08/2023 14:29,,,,,
339,,,,,Artificial intelligence,Female,Intermediate,Lagos,09/08/2023 14:32,,,,,
340,,,,,Web development and graphic design,Male,Beginner,Abuja FCT,09/08/2023 14:41,,,,,
341,,,,,Yes,Male,Beginner,Ondo state Nigeria,09/08/2023 14:49,,,,,
342,,,,,We Development,Male,Beginner,Offa KWARA State,09/08/2023 14:51,,,,,
343,,,,,Freelancing,Male,Intermediate,Uyo Akwa Ibom,09/08/2023 15:21,,,,,
344,,,,,Freelancing,Male,Intermediate,Uyo Akwa Ibom,09/08/2023 15:24,,,,,
345,,,,,Data analyst,Female,,Choba, Port Harcourt,09/08/2023 15:35,,,,
346,,,,,Webdevelopment,Male,Beginner,Lagos,09/08/2023 15:37,,,,,
347,,,,,Data analyst,Female,Beginner,Choba, Port Harcourt,09/08/2023 15:41,,,,
348,,,,,Web design and software development,Female,Beginner,Lagos,09/08/2023 15:45,,,,,
349,,,,,Digital Marketing,Female,Beginner,Kwara State,09/08/2023 15:53,,,,,
350,,,,,Digital marketing,Female,Beginner,Uyo, Nigeria,09/08/2023 16:29,,,,
351,,,,,Web3,Female,,Lagos,09/08/2023 16:48,,,,,
352,,,,,Generating AI,Male,Beginner,Lagos,09/08/2023 18:51,,,,,
353,,,,,UI/Ux and C++,Female,Intermediate,Nigeria,09/08/2023 19:40,,,,,
354,,,,,UI/Ux and C++,Female,Intermediate,Nigeria,09/08/2023 19:40,,,,,
355,,,,,UI/UX, Software Developer,Male,Beginner,Lagos,09/08/2023 19:59,,,,
356,,,,,DevOps,Male,Beginner,Lagos,09/08/2023 20:18,,,,,
357,,,,,Digital Marketing,Female,Beginner,Kumasi Ghana,09/08/2023 20:35,,,,,
358,,,,,Techpreneur,Female,Beginner,Ogun State, Nigeria,09/08/2023 21:43,,,,
359,,,,,web development,Male,Beginner,abuja,09/08/2023 21:56,,,,,
360,,,,,web development,Female,Beginner,Abuja,09/08/2023 22:02,,,,,
361,,,,,Fullstack Web Development,Male,Beginner,Lagos,10/08/2023 06:24,,,,,
362,,,,,Project management,Female,Beginner,Jos,10/08/2023 07:26,,,,,
363,,,,,Graphic design,Female,Beginner,Abeokuta,10/08/2023 07:33,,,,,
364,,,,,Tech skill,Female,Beginner,Rivers state.,10/08/2023 07:39,,,,,
365,,,,,Digital marketing and Copywriting,Male,Beginner,Oyo state,10/08/2023 09:21,,,,,
366,,,,,Digital marketing and Business consulting,Female,Intermediate,Lagos,10/08/2023 09:27,,,,,
367,,,,,Technology,Female,Beginner,25,bashua road,shomolu, Lagos State,10/08/2023 09:39,,
368,,,,,Web development,Male,Beginner,Nigeria,10/08/2023 09:56,,,,,
369,,,,,Web design/graphic design,Male,Beginner,Ekiti,10/08/2023 10:01,,,,,
370,,,,,Be an expert in tech,Female,Beginner,Kano,10/08/2023 10:18,,,,,
371,,,,,content writing,Female,Professional,calabar, Nigeria,10/08/2023 10:29,,,,
372,,,,,Software Development,Male,Beginner,Nigeria,10/08/2023 10:48,,,,,
373,,,,,Tech,Male,Beginner,Ekiti Nigeria,10/08/2023 10:53,,,,,
374,,,,,Data analysis,Female,Beginner,Lagos,10/08/2023 11:02,,,,,
375,,,,,Software development,Male,Intermediate,Nigeria,10/08/2023 11:04,,,,,
376,,,,,PRODUCT DESIGN,Female,Beginner,LAGOS,10/08/2023 11:15,,,,,
377,,,,,Ui/ux,Female,Beginner,Ogun state,10/08/2023 11:38,,,,,
378,,,,,Digital marketing,Female,Beginner,Ogbomoso,10/08/2023 12:13,,,,,
379,,,,,Website development,Female,Beginner,Akure,10/08/2023 12:43,,,,,
380,,,,,I don't know yet,Female,,Osogbo osun state,10/08/2023 13:12,,,,,
381,,,,,Product management,Female,Intermediate,Ikorodu,10/08/2023 14:18,,,,,
382,,,,,Programming,Female,Beginner,Ondo State,10/08/2023 14:22,,,,,
383,,,,,Graphic design,Female,Beginner,Oyo State, Nigeria,10/08/2023 15:21,,,,
384,,,,,Data analytics,Female,,Akure,10/08/2023 16:03,,,,,
385,,,,,Web development,Female,Beginner,Ireland,10/08/2023 16:03,,,,,
386,,,,,Digital marketing,Female,Beginner,Ibadan, Oyo state, Nigeria,10/08/2023 16:40,,,
387,,,,,Digital marketing,Female,Beginner,Awka,  Anambra state,10/08/2023 18:12,,,,
388,,,,,Video editing,Male,,OAU Ile Ife,11/08/2023 02:18,,,,,
389,,,,,Software development,Male,Beginner,Akure,11/08/2023 06:20,,,,,
390,,,,,Front end,Female,Beginner,Ondo,11/08/2023 06:25,,,,,
391,,,,,Technical writing,Female,Beginner,Nigeria,11/08/2023 06:54,,,,,
392,,,,,Data Analytics,Female,Beginner,Jos, Plateau State, Nigeria,11/08/2023 07:41,,,
393,,,,,Digital Marketing Skill,Male,Beginner,Ibadan, Nigeria,11/08/2023 08:24,,,,
394,,,,,Web design,Female,Beginner,Lagos,11/08/2023 08:25,,,,,
395,,,,,Business Analysis,Female,Beginner,Niger state,11/08/2023 08:54,,,,,
396,,,,,Coding,Female,Intermediate,Nigeria,11/08/2023 09:27,,,,,
397,,,,,Graphic design, branding, web design,Male,Intermediate,Lagos,11/08/2023 09:28,,,
398,,,,,All skills in the training,Male,Beginner,No2 ojuroko idiroko ogun state,11/08/2023 09:37,,,,,
399,,,,,Web development,Female,Beginner,Lagos / Ilorin,11/08/2023 11:33,,,,,
400,,,,,Tech,Female,Beginner,Lagos,11/08/2023 11:50,,,,,
401,,,,,Data analysis,Female,,Oau Osun state,11/08/2023 12:08,,,,,
402,,,,,Web development,Male,Beginner,Warri, Delta state,11/08/2023 12:36,,,,
403,,,,,UI/UX,Male,Intermediate,Abeokuta, Ogun State,11/08/2023 12:37,,,,
404,,,,,Tech generally,Female,Beginner,Lagos,11/08/2023 12:40,,,,,
405,,,,,Data analyst,Female,Beginner,Abia state,11/08/2023 13:27,,,,,
406,,,,,Graphics design,Female,Beginner,Lagos, Nigeria.,11/08/2023 14:03,,,,
407,,,,,Copy Writing,Male,Intermediate,Imo State,11/08/2023 14:19,,,,,
408,,,,,Software developing,Male,Beginner,Port Harcourt,11/08/2023 14:20,,,,,
409,,,,,I’m interested in tech,Female,Beginner,Akure,11/08/2023 14:22,,,,,
410,,,,,Tech,Female,Beginner,Internet,11/08/2023 14:31,,,,,
411,,,,,Web development,Female,Beginner,Alimosho Lagos,11/08/2023 14:41,,,,,
412,,,,,Graphic Design,Male,Intermediate,Nigeria,11/08/2023 14:42,,,,,
413,,,,,Product management,Female,,Nigeria,11/08/2023 14:46,,,,,
414,,,,,Graphic Designing,Male,,Ekiti,11/08/2023 15:08,,,,,
415,,,,,Predicting Next-Level Tech,Male,Intermediate,Nigeria,11/08/2023 15:10,,,,,
416,,,,,Coding,Male,Beginner,Badagry,11/08/2023 15:15,,,,,
417,,,,,UI/UX design,Male,Beginner,4corners ikom cross River state,11/08/2023 15:19,,,,,
418,,,,,Tech and media,Male,Beginner,Kogi state,11/08/2023 15:27,,,,,
419,,,,,Graphics design,Female,Beginner,Lagos State University,11/08/2023 15:28,,,,,
420,,,,,Design,Female,Beginner,Nigeria,11/08/2023 15:32,,,,,
421,,,,,AI Engineering,Male,Beginner,Ikorodu,11/08/2023 15:41,,,,,
422,,,,,Designs,Male,Beginner,Kogi state,okene,11/08/2023 15:52,,,,
423,,,,,Software developer,Male,Beginner,Oye, ekiti state, Nigeria.,11/08/2023 15:53,,,
424,,,,,UI/UX design,Female,Beginner,Lagos,11/08/2023 15:53,,,,,
425,,,,,Copywriting,Female,Beginner,Umuahia,11/08/2023 16:08,,,,,
426,,,,,Tech,Female,Beginner,Ekiti,11/08/2023 16:08,,,,,
427,,,,,Tech,Female,Intermediate,Lagos,11/08/2023 16:18,,,,,
428,,,,,Affiliate marketing,Male,Beginner,Ibadan,11/08/2023 16:24,,,,,
429,,,,,UI/UX,Female,Beginner,Lagos State, Nigeria,11/08/2023 16:28,,,,
430,,,,,Digital marketing and video editing,Male,Beginner,Imo State Nigeria,11/08/2023 16:30,,,,,
431,,,,,UI/UX Designing,Male,Beginner,Enugu,11/08/2023 16:45,,,,,
432,,,,,Python Programming,Male,Beginner,Nigeria,11/08/2023 17:07,,,,,
433,,,,,Photography and Video Editing,Male,Beginner,Ghana,11/08/2023 17:09,,,,,
434,,,,,Web development,Male,,Ogbomosho,11/08/2023 17:10,,,,,
435,,,,,Social media manager,,Beginner,Nigeria,11/08/2023 17:16,,,,,
436,,,,,Graphics/UI/UX,Female,Intermediate,Ekiti State,11/08/2023 17:25,,,,,
437,,,,,Tech,Female,Beginner,Atagba, Boluwaji, Ibadan,11/08/2023 18:26,,,
438,,,,,Graphic Design,Male,Intermediate,Lagos,11/08/2023 18:36,,,,,
439,,,,,Digital Marketing,Female,Beginner,Akwa Ibom State,11/08/2023 19:13,,,,,
440,,,,,Graphic design,Male,Beginner,Kano state Nigeria.,11/08/2023 19:14,,,,,
441,,,,,Website design,Female,,Ilesa, Osun State,11/08/2023 21:43,,,,
442,,,,,Web development,Male,Beginner,Lagos,11/08/2023 22:01,,,,,
443,,,,,Website development,Female,Beginner,Nigeria,11/08/2023 22:02,,,,,
444,,,,,Web development,Female,Intermediate,Lagos, Nigeria,11/08/2023 23:15,,,,
445,,,,,Digital marketing,Female,Intermediate,Lagos,11/08/2023 23:29,,,,,
446,,,,,Tech skill,Female,Beginner,Osogbo,12/08/2023 00:04,,,,,
447,,,,,Tech,Female,Beginner,Lagos,12/08/2023 00:36,,,,,
448,,,,,Data analysis,Female,Beginner,Ado,12/08/2023 02:13,,,,,
449,,,,,Coding,Female,Beginner,Ilesha, osun state.,12/08/2023 02:14,,,,
450,,,,,UI/UX,Female,Beginner,Ogbomoso, oyo state , Nigeria,12/08/2023 02:54,,,
451,,,,,Software development,Female,Beginner,Lagos,12/08/2023 02:56,,,,,
452,,,,,Digital Marketing, Content marketing,Female,Beginner,Nigeria,12/08/2023 06:16,,,,
453,,,,,Graphic Designs,Male,Intermediate,Katsina,12/08/2023 06:59,,,,,
454,,,,,Web design,Female,Beginner,Lagos maryland,12/08/2023 07:35,,,,,
455,,,,,All,Male,Professional,The Gamnia,12/08/2023 08:39,,,,,
456,,,,,Digital marketing, but I’m open to other options,Female,,Osun state, Nigeria,12/08/2023 08:41,,,
457,,,,,Cyber security,Female,Beginner,Nigeria,12/08/2023 08:44,,,,,
458,,,,,Tech developer,Female,Beginner,Ghana,12/08/2023 09:32,,,,,
459,,,,,Sales,Male,Beginner,ebenezerifeanacho92@gmail.com,12/08/2023 09:55,,,,,
460,,,,,Design,Male,Intermediate,Kano,12/08/2023 10:23,,,,,
461,,,,,Entrepreneurial,Male,Beginner,Business,12/08/2023 10:29,,,,,
462,,,,,Graphics design,Male,Intermediate,Eziobodo Owerri West IMO state,12/08/2023 19:29,,,,,
463,,,,,UI/UX,Male,Beginner,Ilorin, Kwara state.,14/08/2023 11:16,,,,
464,,,,,Ui/ux,Female,,Imo state. Nigeria,14/08/2023 11:27,,,,,
465,,,,,Web Development,Male,Beginner,Abéòkúta,14/08/2023 11:32,,,,,
466,,,,,Tech,Female,Beginner,Ondo state,14/08/2023 11:43,,,,,
467,,,,,Web design, graphic design,Male,,Lagos,14/08/2023 11:44,,,,
468,,,,,Product designer,Female,Beginner,Lagos,Nigeria,14/08/2023 11:46,,,,
469,,,,,UI/UX Design,Male,Beginner,Lagos State,14/08/2023 11:49,,,,,
470,,,,,Technology and marketing,Male,Beginner,Lagos,14/08/2023 11:58,,,,,
471,,,,,Web3 writing and copy writing,Female,Beginner,Lagos state,14/08/2023 12:04,,,,,
472,,,,,UI/UX Design,Male,Beginner,Ibadan,14/08/2023 12:19,,,,,
473,,,,,Graphics design, data analysis,Female,Beginner,Oyo state,14/08/2023 12:45,,,,
474,,,,,UI/UX Designer,Male,Intermediate,Ebonyi State, Nigeria.,14/08/2023 12:56,,,,
475,,,,,Frontend development,Female,Intermediate,Ogun State, Nigeria,14/08/2023 13:11,,,,
476,,,,,Design (UI/UX),Male,Beginner,Oworonshoki, Lagos,14/08/2023 13:18,,,,
477,,,,,Web development,Male,Beginner,Awka,14/08/2023 13:26,,,,,
478,,,,,Graphic design,Male,Intermediate,Lagos state,14/08/2023 13:30,,,,,
479,,,,,Project Management,Male,Intermediate,Lagos,14/08/2023 16:08,,,,,
480,,,,,Graphic Design,Male,Professional,Lagos, Nigeria,14/08/2023 16:28,,,,
481,,,,,Product management,Female,Beginner,Delta,14/08/2023 17:55,,,,,
482,,,,,Design,Female,,Nigeria,15/08/2023 04:47,,,,,
483,,,,,Front-End,Male,Beginner,Nigeria,15/08/2023 09:10,,,,,
484,,,,,Tech skill,Female,Beginner,Ibadan, Nigeria.,15/08/2023 09:20,,,,
485,,,,,Data analysis,Male,Beginner,Ikeja,15/08/2023 09:21,,,,,
486,,,,,web development (front-end & back-end),Female,Beginner,Edo state,15/08/2023 10:54,,,,,
487,,,,,Web development and Web 3,Female,Intermediate,Delta,15/08/2023 11:16,,,,,
488,,,,,Project management,Female,Intermediate,Ondo state, Nigeria,15/08/2023 13:05,,,,
489,,,,,Virtual assistance and graphic design,Female,Beginner,Lafia, Nasarawa. Nigeria.,15/08/2023 14:38,,,,
490,,,,,Product design,Male,Beginner,Lagos, Nigeria.,15/08/2023 14:48,,,,
491,,,,,Technology,Female,,Sagamu, ogun state,16/08/2023 08:32,,,,
492,,,,,Technical writing,Female,Beginner,Imo, Nigeria,16/08/2023 08:37,,,,
493,,,,,Web development,Female,Beginner,Lagos,16/08/2023 08:44,,,,,
494,,,,,Programming,Male,Intermediate,Lagos, Nigeria,16/08/2023 09:06,,,,
495,,,,,Graphic designer and video editing,Female,Beginner,Anambra Awka,16/08/2023 11:02,,,,,
496,,,,,Web design and AI,Male,Beginner,Lagos,16/08/2023 11:59,,,,,
497,,,,,HR,Female,Beginner,Benin, Nigeria,16/08/2023 12:35,,,,
498,,,,,Tech,Female,Beginner,Edo state,16/08/2023 12:53,,,,,
499,,,,,Tech,Female,Beginner,Ibadan, Nigeria,16/08/2023 13:02,,,,
500,,,,,Graphic design,Female,Beginner,Anambra state,16/08/2023 13:23,,,,,
501,,,,,UI/UX Design and 3D animation,Male,Intermediate,Nigeria,16/08/2023 14:26,,,,,
502,,,,,Data Analyst,Male,Beginner,Rivers State, Nigeria,16/08/2023 14:45,,,,
503,,,,,Web Development,Female,Beginner,Abeokuta, Nigeria,16/08/2023 16:43,,,,
504,,,,,IT Consultant,Female,Beginner,Lagos,16/08/2023 21:47,,,,,
505,,,,,How to create website for businesses,Female,Beginner,Lagos,17/08/2023 07:47,,,,,
506,,,,,Data Analytics,Female,,Nigeria,17/08/2023 09:19,,,,,
507,,,,,Digital marketing,Female,Beginner,Aba Abia state,17/08/2023 09:33,,,,,
508,,,,,Content creation,Female,Intermediate,Lagos, Nigeria,17/08/2023 10:25,,,,
509,,,,,Tech skill,Female,Beginner,Port harcourt,17/08/2023 12:21,,,,,
510,,,,,Social media,Female,Intermediate,Abeokuta ogun state Nigeria,17/08/2023 13:11,,,,,
511,,,,,Management,Male,Beginner,Abeokuta,17/08/2023 13:14,,,,,
512,,,,,Tech,Female,Beginner,Ile Ife osun state, Nigeria,17/08/2023 13:18,,,,
513,,,,,Social Media sales,Male,Intermediate,ABEOKUTA OGUN STATE NIGERIA,17/08/2023 13:23,,,,,
514,,,,,UI/UX,Female,Beginner,Ibadan,17/08/2023 13:57,,,,,
515,,,,,Nin,Male,Beginner,Ìf? osun atare,17/08/2023 20:48,,,,,
516,,,,,Tech,Female,Beginner,Asaba,18/08/2023 08:01,,,,,
517,,,,,Data entry,Female,Beginner,Benin city,18/08/2023 08:25,,,,,
518,,,,,Motion design,Male,Intermediate,Ilorin,18/08/2023 09:56,,,,,
519,,,,,Graphic designer,Male,Professional,Mosalasi street mowo badagry Lagos state Nigeria,18/08/2023 14:43,,,,,
520,,,,,Full stack programer,Female,,River state,18/08/2023 14:51,,,,,
521,,,,,Web designing,Female,Beginner,Lagos,18/08/2023 18:11,,,,,
522,,,,,Sales and marketing, digital products creation, website design, graphic design etc,Male,,Abia state Nigeria,18/08/2023 19:06,,
523,,,,,Graphic design,Male,Beginner,Umuchima, Imo State Nigeria.,18/08/2023 20:42,,,,
524,,,,,Tech,Male,Beginner,Uyo,18/08/2023 22:26,,,,,
525,,,,,Data science,Male,Beginner,Lagos,18/08/2023 22:30,,,,,
526,,,,,Web development,,Beginner,Benin city,18/08/2023 22:56,,,,,
527,,,,,Graphics design,Male,Beginner,Uyo,19/08/2023 04:15,,,,,
528,,,,,Graphic Design,Male,Intermediate,Ogun State, Nigeria,19/08/2023 08:55,,,,
529,,,,,Social media tech,Female,Beginner,Manchester,19/08/2023 09:25,,,,,
530,,,,,Data science,Female,Beginner,Lagos state, Nigeria,21/08/2023 09:03,,,,
531,,,,,UI/UX designing,Male,Beginner,Ile-ife, Osun state,22/08/2023 20:24,,,,
532,,,,,Graphics Design and Web Design,Female,Beginner,Lagos, Nigeria,25/08/2023 20:10,,,,
533,,,,,Phone engineering,Male,Beginner,Ekiti state,26/08/2023 08:43,,,,,
534,,,,,Tech skills,Female,Beginner,Lagos,30/08/2023 00:04,,,,,
535,,,,,Video editing,Female,,Ondo,30/08/2023 00:14,,,,,
536,,,,,Data analytics,Male,Beginner,Abeokuta,30/08/2023 18:53,,,,,
537,,,,,Data analyst,Male,Beginner,Ibadan,31/08/2023 12:20,,,,,
538,,,,,Microsoft Teams Helpdesk Bot optimization,Male,Beginner,Ogba,31/08/2023 13:02,,,,,
539,,,,,Technology and marketing,Male,Beginner,Lagos,01/09/2023 11:18,,,,,
540,,,,,Coding,Male,Intermediate,Lagos, Nigeria,01/09/2023 23:47,,,,
541,,,,,Graphic designing,Male,Intermediate,Lagos Nigeria,02/09/2023 09:06,,,,,
542,,,,,Data Analytics,Male,Beginner,Ibadan,02/09/2023 10:06,,,,,
543,,,,,Programming,Male,Beginner,7 Yusuf Usman Bala Close Abuja,09/09/2023 20:41,,,,,
544,,,,,Data Analysis,Male,Beginner,Lekki,10/09/2023 18:40,,,,,
545,,,,,Web Developer,Female,Beginner,Lagos,11/09/2023 10:02,,,,,
546,,,,,Data Analysis, web developer,Female,Beginner,Ibadan, Oyo state,11/09/2023 10:11,,,
547,,,,,Data Analysis,Female,Beginner,Lagos, Nigeria,11/09/2023 14:27,,,,
548,,,,,Data science,Female,,Lagos mainland,11/09/2023 15:22,,,,,
549,,,,,Data analyst,Female,Beginner,Lagos,11/09/2023 16:13,,,,,
550,,,,,Computer Science,Female,,1,Prince Avenue street igbo elerin first gate ojo,11/09/2023 18:41,,,,
551,,,,,Business Analysis,Female,,Lagos,11/09/2023 20:46,,,,,
552,,,,,Web developer,Female,Beginner,Mushin,11/09/2023 21:27,,,,,
553,,,,,Data Analysis,Female,Professional,Ibadan, Oyo State,11/09/2023 21:32,,,,
554,,,,,Data Analysis,Female,Professional,Ibadan, Oyo State,11/09/2023 21:32,,,,
555,,,,,Web development,Female,Beginner,Lagos,12/09/2023 10:28,,,,,
556,,,,,Tech,Male,Beginner,23 suenu road,12/09/2023 15:55,,,,,
557,,,,,Data scientists,Female,Beginner,Nigeria,12/09/2023 16:57,,,,,
558,,,,,Picture and Video editing,Female,Beginner,Egypt,13/09/2023 10:46,,,,,
559,,,,,Tech,Female,Beginner,Lagos Nigeria,13/09/2023 11:16,,,,,
560,,,,,Tech,Female,Beginner,Ibadan,13/09/2023 13:13,,,,,
561,,,,,Tech,Female,Beginner,High school area Ikorodu,Lagos State,13/09/2023 15:51,,,,
562,,,,,Data entry and online business,Male,Beginner,162, Ashipa Ayobo Lagos,13/09/2023 17:34,,,,
563,,,,,All to be treated,Female,Beginner,Alakuko,14/09/2023 04:21,,,,,
564,,,,,Data Analysis,Male,Beginner,Lagos,14/09/2023 10:14,,,,,
565,,,,,Coding,Male,Beginner,Lagos Mainland,14/09/2023 19:43,,,,,
566,,,,,IT analyst,Female,Beginner,Ogun State,14/09/2023 20:54,,,,,
567,,,,,Web designing,Female,Beginner,Lagos,15/09/2023 07:59,,,,,
568,,,,,UI/UX, Front End,Male,Intermediate,Lagos, Nigeria.,15/09/2023 19:52,,,
569,,,,,Tech,Male,Beginner,Lagos,16/09/2023 06:52,,,,,
570,,,,,Data analytics,Female,Beginner,Toll-gate ota,16/09/2023 11:33,,,,,
571,,,,,Data Analysis,Female,Beginner,Port Harcourt,16/09/2023 14:41,,,,,
572,,,,,Web Development, Data scientist, Data analyst,,Male,Beginner,Edo State,18/09/2023 04:18,,
573,,,,,Data,Female,,Abia,19/09/2023 21:07,,,,,
574,,,,,Data Analytics,Female,Beginner,Lagos,21/09/2023 15:07,,,,,
575,,,,,Software design,Male,Beginner,Anambra state,22/09/2023 15:55,,,,,
576,,,,,We,Female,Beginner,Uk,28/09/2023 08:05,,,,,
577,,,,,Web,Female,,Lagos,28/09/2023 08:12,,,,,
578,,,,,Data analysis,Female,Beginner,Fagba,28/09/2023 08:13,,,,,
579,,,,,MLS,Female,Beginner,Nigeria,28/09/2023 08:30,,,,,
580,,,,,Shoe making,Female,Beginner,Ibadan Oyo state,28/09/2023 08:55,,,,,
581,,,,,Business analysis,Female,Beginner,Lagos,28/09/2023 09:40,,,,,
582,,,,,Data analysis,Female,Beginner,Lagos state,28/09/2023 10:40,,,,,
583,,,,,UI/UX,Male,Intermediate,43 Moshalashi street shomolu lagos,28/09/2023 14:52,,,,,
584,,,,,Web development,Female,Beginner,No6,ogundero street bariga lagos,28/09/2023 15:16,,,,
585,,,,,Data Analysis,Female,Beginner,Lagos, Nigeria,28/09/2023 21:49,,,,
586,,,,,Web Development,Female,,Alagbado, Lagos state,30/09/2023 20:46,,,,
587,,,,,Business analysis,Female,Beginner,Lagos,30/10/2023 17:50,,,,,
588,,,,,Web development,Male,Beginner,Aba,30/10/2023 17:51,,,,,
589,,,,,Business Analysis,Male,Intermediate,Lagos Nigeria,30/10/2023 17:51,,,,,
590,,,,,Data analysis,Female,Beginner,Nigeria,30/10/2023 17:51,,,,,
591,,,,,Data science Coding and the likes,Male,Beginner,Lagos,30/10/2023 17:52,,,,,
592,,,,,Graphics,Female,Beginner,Ilorin,30/10/2023 17:53,,,,,
593,,,,,Business analysis,Male,Beginner,Ibadan, Oyo state.,30/10/2023 17:53,,,,
594,,,,,Data Analytics,Female,Beginner,Nigeria,30/10/2023 17:53,,,,,
595,,,,,Learning,Female,,Ogun State,30/10/2023 17:54,,,,,
596,,,,,Data science,Female,Beginner,Akure,30/10/2023 17:54,,,,,
597,,,,,Business analysis,Female,Beginner,Ikorodu,30/10/2023 17:55,,,,,
598,,,,,Tech,Female,Beginner,Osogbo, Osun State,30/10/2023 17:56,,,,
599,,,,,Business Analysis Ui/Ux,Female,Beginner,Lagos,30/10/2023 18:00,,,,,
600,,,,,Data Analysis,Female,,Anambra,30/10/2023 18:01,,,,,
601,,,,,Business analysis,Female,Beginner,Ondo state,30/10/2023 18:01,,,,,
602,,,,,Data science,Female,Beginner,Lagos State,30/10/2023 18:01,,,,,
603,,,,,Data analytics,Female,Beginner,Lagos Nigeria,30/10/2023 18:02,,,,,
604,,,,,Business analysis,Female,Beginner,Lagos State,30/10/2023 18:05,,,,,
605,,,,,Data Analytics,Female,Beginner,Lagos Nigeria,30/10/2023 18:05,,,,,
606,,,,,Broad knowledge about tech,Female,Beginner,Ilorin,30/10/2023 18:06,,,,,
607,,,,,Data Analysis,Female,Beginner,Ondo state,30/10/2023 18:11,,,,,
608,,,,,Graphics design,Male,Beginner,Shagari village, Akure, Ondo state.,30/10/2023 18:15,,,
609,,,,,Business analysis,Male,Beginner,Lagos,30/10/2023 18:16,,,,,
610,,,,,Data science,Female,Beginner,Nigeria,30/10/2023 18:17,,,,,
611,,,,,CYBER SECURITY,Male,Beginner,12 AWIN STREET BARIGA LAGOS NIGERIA,30/10/2023 18:20,,,,,
612,,,,,Data analysis,Male,Beginner,Elizade University,30/10/2023 18:21,,,,,
613,,,,,Data Analysis,Female,Beginner,Ondo state,30/10/2023 18:23,,,,,
614,,,,,Data Analysis,Male,Beginner,Ojodu Berger, Lagos Nigeria.,30/10/2023 18:28,,,,
615,,,,,Data Analytics,Male,Beginner,Lagos,30/10/2023 18:32,,,,,
616,,,,,Cybersecurity,Male,Beginner,Osun,30/10/2023 18:35,,,,,
617,,,,,Data analysis,Female,,Ilorin,30/10/2023 18:36,,,,,
618,,,,,Coding,Male,Beginner,Nigeria,30/10/2023 18:37,,,,,
619,,,,,Web development,Male,Beginner,Anambra,30/10/2023 18:45,,,,,
620,,,,,Content writing,Female,Beginner,10,UPS Estate, Agunfoye, Igbogbo, Ikorodu, Lagos,30/10/2023 18:51
621,,,,,Data analysis,Female,,Not fixed,30/10/2023 18:59,,,,,
622,,,,,Business Analysis,Male,Intermediate,Futa Akure,30/10/2023 19:00,,,,,
623,,,,,Lead generation,Female,Beginner,Bauchi,30/10/2023 19:09,,,,,
624,,,,,Data analyst,Male,Beginner,Ibadan,30/10/2023 19:21,,,,,
625,,,,,Data Analyst,Female,Beginner,Ibadan,30/10/2023 19:24,,,,,
626,,,,,Data Analysis,Female,,Anambra,30/10/2023 20:04,,,,,
627,,,,,Data analysis,Female,Beginner,Ibadan,Oyo state, Nigeria,30/10/2023 20:06,,,
628,,,,,Data analytics, graphics design,,Male,Beginner,Ogun State,30/10/2023 20:08,,,
629,,,,,Influencing,Male,Beginner,Ibadan,30/10/2023 20:20,,,,,
630,,,,,Graphic design,Male,Beginner,Abuja,30/10/2023 20:44,,,,,
631,,,,,Business Analysis,Female,Beginner,Benin city, Edo state Nigeria,30/10/2023 20:47,,,,
632,,,,,Tech,Female,Intermediate,Lagos,30/10/2023 21:01,,,,,
633,,,,,Full stack web development,Male,Beginner,University of Ilorin,30/10/2023 21:05,,,,,
634,,,,,Data Analysis,Male,Beginner,Ondo State, Nigeria,30/10/2023 21:28,,,,
635,,,,,Graphic design,Male,Intermediate,Nigeria,30/10/2023 22:05,,,,,
636,,,,,Digital Marketing,Female,,Lagos,30/10/2023 22:06,,,,,
637,,,,,Data analytics,Female,Beginner,Abeokuta,30/10/2023 22:40,,,,,
638,,,,,Data Analysis,Female,Beginner,Lagos,30/10/2023 23:31,,,,,
639,,,,,Data analyst,Female,Beginner,Lagos,31/10/2023 04:19,,,,,
640,,,,,Programming and coding,Female,Beginner,Aiye community oda road Akure Ondo State,31/10/2023 04:48,,,,,
641,,,,,Data analyst,Female,Beginner,Abeokuta,31/10/2023 05:04,,,,,
642,,,,,Data analysis,Female,Beginner,Ibadan,31/10/2023 06:12,,,,,
643,,,,,Data Analytics,Female,Beginner,Ibadan,31/10/2023 07:46,,,,,
644,,,,,Data science,Female,Beginner,Ogun State,31/10/2023 07:50,,,,,
645,,,,,Data Analysis,Female,Beginner,Ondo state,31/10/2023 08:15,,,,,
646,,,,,Data analytics,Female,Beginner,Lagos,31/10/2023 08:25,,,,,
647,,,,,Graphic/Web design,Male,,Port Harcourt,31/10/2023 08:57,,,,,
648,,,,,Programming, data analysis,Male,Beginner,Lagos,31/10/2023 09:05,,,,
649,,,,,Data Analysis,Female,Beginner,Lagos,31/10/2023 09:11,,,,,
650,,,,,Data analysis,Female,Beginner,Enugu, Nigeria,31/10/2023 09:22,,,,
651,,,,,Digital marketing,Female,Beginner,Lagos,31/10/2023 09:23,,,,,
652,,,,,Data analytics,Female,,Lagos,31/10/2023 09:26,,,,,
653,,,,,Data analytics,Female,Beginner,Lagos,31/10/2023 09:27,,,,,
654,,,,,Business analysis,Female,Beginner,Ilorin,31/10/2023 09:28,,,,,
655,,,,,Coding,Female,Beginner,Ebonyi state Nigeria,31/10/2023 09:39,,,,,
656,,,,,Fashion and business,Female,Intermediate,Lagos,31/10/2023 10:19,,,,,
657,,,,,Design,Female,Intermediate,Nigeria,31/10/2023 10:22,,,,,
658,,,,,Data analytics,Female,Beginner,Port Harcourt,31/10/2023 10:52,,,,,
659,,,,,Business Analysis,Female,Beginner,Ile ife,31/10/2023 11:38,,,,,
660,,,,,Data Analytics,Female,Beginner,Oyo,31/10/2023 11:55,,,,,
661,,,,,Data analysis,Female,Beginner,Enugu, Nigeria,31/10/2023 12:31,,,,
662,,,,,Web developing,Female,Beginner,Osun State,31/10/2023 12:56,,,,,
663,,,,,Data Analytics,Male,Beginner,LAGOS,31/10/2023 13:29,,,,,
664,,,,,Data analysis,Male,Beginner,Nigeria Benue State,31/10/2023 13:31,,,,,
665,,,,,Content writing,Female,Professional,Ibadan, Oyo state,31/10/2023 13:41,,,,
666,,,,,Business analytics,Female,Beginner,Anambra State,31/10/2023 13:45,,,,,
667,,,,,DATA ANALYTICS,Female,Beginner,ONDO,31/10/2023 13:58,,,,,
668,,,,,Data analytics,Female,Beginner,Lagos,31/10/2023 14:43,,,,,
669,,,,,Data analytics,Female,Beginner,Lagos,31/10/2023 14:43,,,,,
670,,,,,Business analytics,Female,,Lagos,31/10/2023 16:00,,,,,
671,,,,,Data analytics,Female,Beginner,Abuja,31/10/2023 16:08,,,,,
672,,,,,Information system,Female,Beginner,Ibadan,31/10/2023 16:29,,,,,
673,,,,,Graphic Design, Social media management and Video editing,Preferred Not to say,Beginner,Igarra Edo State,31/10/2023 16:38,,,,
674,,,,,Data analyst,Female,Beginner,Lagos,31/10/2023 16:45,,,,,
675,,,,,Data Analysis,Female,Professional,Ibadan,31/10/2023 16:56,,,,,
676,,,,,Wed development,Male,Beginner,Minna,31/10/2023 17:17,,,,,
677,,,,,Data Analysis,Female,Beginner,Anambra,31/10/2023 17:27,,,,,
678,,,,,Business analysis,Female,Beginner,Port Harcourt, Rivers State,31/10/2023 17:36,,,,
679,,,,,Business skills,Male,Intermediate,Ondo,31/10/2023 17:43,,,,,
680,,,,,Data analysis,Male,Beginner,Osogbo,31/10/2023 20:54,,,,,
681,,,,,tech,Female,Beginner,lagos ikorodu,01/11/2023 13:03,,,,,
682,,,,,Business analysis,Male,Beginner,Agege Lagos state,02/11/2023 09:37,,,,,
683,,,,,Affliate marketing,Female,Beginner,Osun state,02/11/2023 10:51,,,,,
684,,,,,Project management,Female,Beginner,Lagos state,02/11/2023 11:01,,,,,
685,,,,,Data analysis,Female,Beginner,Abeokuta,02/11/2023 12:57,,,,,
686,,,,,Human Resource Management,Female,Beginner,Lagos,02/11/2023 13:04,,,,,
687,,,,,Programming,Male,Beginner,Ijebu ode,02/11/2023 13:06,,,,,
688,,,,,Communication,Female,Beginner,Ikorodu lagos,02/11/2023 15:00,,,,,
689,,,,,Web developing,Female,Beginner,Lagos,02/11/2023 15:11,,,,,
690,,,,,UI/UX Design,Female,Intermediate,9, Wesley Street Abesan Estate Ipaja Lagos Nigeria,02/11/2023 15:41,,,,
691,,,,,Tech,Female,Beginner,Osun state,02/11/2023 16:37,,,,,
692,,,,,Data analyst,Female,Beginner,Surulere Lagos state,02/11/2023 17:04,,,,,
693,,,,,Data analysis,Female,Beginner,Abuja,03/11/2023 21:29,,,,,
694,,,,,Business analysis,Female,Beginner,Ago iwoye,03/11/2023 21:59,,,,,
695,,,,,Web development,Female,Beginner,Ekiti,04/11/2023 16:29,,,,,
696,,,,,I am new to tech,Female,Beginner,Funaab, Abeokuta.,06/11/2023 09:38,,,,
697,,,,,Front end web development,Male,Beginner,Ogoja cross river state,06/11/2023 09:41,,,,,
698,,,,,Web development (Front end),Male,Beginner,Nigeria,06/11/2023 09:49,,,,,
699,,,,,Web development (front end),Female,Beginner,Osun State, Nigeria,06/11/2023 10:23,,,,
700,,,,,QA/Software Testing/Web development,Female,Beginner,Enugu, Nigeria,06/11/2023 10:41,,,,
701,,,,,Programming,Male,Beginner,UI Oyo State,06/11/2023 10:42,,,,,
702,,,,,Tech,Female,Beginner,Abeokuta Ogun State,06/11/2023 10:45,,,,,
703,,,,,Web  development front end.,Female,Beginner,Anambra state.,06/11/2023 11:45,,,,,
704,,,,,Tech,Female,Beginner,Ibadan,06/11/2023 12:14,,,,,
705,,,,,Web development for teen,Female,Beginner,Lagos,06/11/2023 13:59,,,,,
706,,,,,Branding and marketing,Female,Beginner,Ogun state,06/11/2023 14:22,,,,,
707,,,,,Web Design,Female,Professional,Nigeria,06/11/2023 14:33,,,,,
708,,,,,Business Analysis,Female,Beginner,Lagos,06/11/2023 15:15,,,,,
709,,,,,Business analysis,Female,Beginner,Ibadan,06/11/2023 15:31,,,,,
710,,,,,Business analysis,Female,Beginner,Ogun state,06/11/2023 16:58,,,,,
711,,,,,Data analysis,Female,Beginner,Glasgow United Kingdom,07/11/2023 04:07,,,,,
712,,,,,Affiliate marketing,Female,Intermediate,Ado-Ekiti,07/11/2023 08:54,,,,,
713,,,,,Full stack developer,Male,Beginner,Lagos,07/11/2023 08:57,,,,,
714,,,,,QA,Female,,Ajah, Lagos,07/11/2023 10:26,,,,
715,,,,,Tech,Male,Beginner,Lagos state,08/11/2023 09:43,,,,,
716,,,,,web design,Female,Beginner,Warri, delta state,08/11/2023 14:54,,,,
717,,,,,Web Development (Front End),Male,Beginner,Ogun,08/11/2023 19:32,,,,,
718,,,,,None yet,Female,,Lagos Nigeria,08/11/2023 23:12,,,,,
719,,,,,Communicating skills, Writing skills,Female,Beginner,Quarry Road, Agbelogba, ABEOKUTA, Ogun State,08/11/2023 23:44,
720,,,,,Data analysts,Female,Beginner,Lagos,09/11/2023 00:06,,,,,
721,,,,,Web Development,Male,Beginner,Badagry, Lagos State,09/11/2023 07:09,,,,
722,,,,,Web development,Female,Beginner,Kwara State,09/11/2023 10:27,,,,,
723,,,,,Business and data analysis,Female,Beginner,Lagos,09/11/2023 10:37,,,,,
724,,,,,Business Analysis,Male,Intermediate,Ghana,09/11/2023 10:39,,,,,
725,,,,,Data analysis,Male,Beginner,Alimosho, Lagos,09/11/2023 11:13,,,,
726,,,,,Graphic designing,Female,Beginner,Kaduna,09/11/2023 11:25,,,,,
727,,,,,UI design,Female,Beginner,Abuja,09/11/2023 12:13,,,,,
728,,,,,Data analytics,Female,Beginner,Lagos,09/11/2023 14:09,,,,,
729,,,,,Tech,Male,Beginner,Lagos,10/11/2023 11:33,,,,,
730,,,,,Tech,Male,Beginner,Lagos,10/11/2023 11:38,,,,,
731,,,,,Product design,Female,Beginner,Lagos,10/11/2023 11:53,,,,,
732,,,,,Product design,Female,Beginner,Lagos,10/11/2023 11:53,,,,,
733,,,,,alealaba616@gmail.com,Female,Beginner,Lagos,10/11/2023 13:03,,,,,
734,,,,,Digital marketing,Female,,Ibadan oyo state,10/11/2023 13:25,,,,,
735,,,,,Graphic design,Male,Intermediate,Badagry lagos,10/11/2023 13:43,,,,,
736,,,,,Data analytics & web development for teens,Female,Beginner,Lagos,10/11/2023 18:31,,,,,
737,,,,,Web development,Male,Beginner,Yaba,Lagos,11/11/2023 13:12,,,,
738,,,,,We development,Male,Beginner,Ogun State,11/11/2023 13:16,,,,,
739,,,,,Digital marketing,Female,Beginner,Lagos,11/11/2023 18:21,,,,,
740,,,,,Digital marketing,Female,Beginner,Canada,11/11/2023 21:28,,,,,
741,,,,,Software developer,Male,Beginner,Lagos Nigeria,11/11/2023 21:47,,,,,
742,,,,,Business analysis,Female,Beginner,Ekiti State,13/11/2023 08:26,,,,,
743,,,,,Technologies,Female,Beginner,Ibadan,13/11/2023 08:46,,,,,
744,,,,,Digital marketing,Male,Beginner,Iseyin, Oyo state.,13/11/2023 09:09,,,,
745,,,,,Web development,Male,Beginner,Ogun,13/11/2023 09:38,,,,,
746,,,,,I'm new to tech so I want to know what it entails,Female,Beginner,Ondo state, Nigeria,13/11/2023 12:12,,,,
747,,,,,B,Female,Beginner,Unilag,13/11/2023 13:08,,,,,
748,,,,,Data analysis,Female,Intermediate,Lagos,14/11/2023 01:05,,,,,
749,,,,,Data analysis,Male,Beginner,Lagos,14/11/2023 05:43,,,,,
750,,,,,Programming,Female,Beginner,Akobo, Ibadan, Oyo State, Nigeria.,14/11/2023 15:51,,
751,,,,,Web development, ui&ux design,Female,Beginner,Lagos,15/11/2023 08:49,,,,
752,,,,,Business Analysis,Female,Beginner,Ekiti,15/11/2023 09:25,,,,,
753,,,,,Digital marketing,Female,Beginner,Ogun state,15/11/2023 10:52,,,,,
754,,,,,Business Analysis,Female,Beginner,Qatar,15/11/2023 17:02,,,,,
755,,,,,Coding,Male,Beginner,Funaab, Abeokuta,16/11/2023 07:59,,,,
756,,,,,Data analyst,Male,Beginner,Ogun State,16/11/2023 08:07,,,,,
757,,,,,Data analytics,Female,Beginner,Ijebu ode,16/11/2023 10:08,,,,,
758,,,,,Business analyst,Female,Beginner,Ibadan,16/11/2023 12:00,,,,,
759,,,,,Data analysis,Female,Beginner,Lagos,16/11/2023 21:56,,,,,
760,,,,,Business analyst,Female,Professional,Ogombo Lagos state,17/11/2023 12:19,,,,,
761,,,,,Programming (python),Female,Beginner,Lagos,19/11/2023 12:38,,,,,
762,,,,,Python programming,Female,Intermediate,Ondo city, UNIMED,20/11/2023 11:13,,,,
763,,,,,Data Analysis,Female,Beginner,Benin city,20/11/2023 14:50,,,,,
764,,,,,UI/UX design and IT,Female,Beginner,Ilorin,21/11/2023 03:50,,,,,
765,,,,,Data Analyst,Female,Beginner,Lagos,21/11/2023 10:50,,,,,
766,,,,,Web development,Female,Beginner,Lagos,21/11/2023 10:59,,,,,
767,,,,,Data scientist/analysist,Female,Beginner,Lagos, Nigeria,21/11/2023 12:14,,,,
768,,,,,Data analyst,Male,Beginner,Nigeria, Akure FUTA,21/11/2023 13:27,,,,
769,,,,,Business analysis,Male,Beginner,Ibadan,22/11/2023 10:39,,,,,
770,,,,,Digital marketing and business analytics,Female,Beginner,Lagos,23/11/2023 09:38,,,,,
771,,,,,Tech developer,Female,,Ghana,23/11/2023 18:15,,,,,
772,,,,,Web design,Female,Beginner,Lagos,24/11/2023 08:48,,,,,
773,,,,,Data Analysis,Female,Beginner,Lagos,24/11/2023 09:51,,,,,
774,,,,,Cybersecurity and coding,Female,Beginner,18,abo aba street oke ira ogba,24/11/2023 10:15,,,,
775,,,,,Business analysis,Female,Beginner,Lagos,24/11/2023 11:11,,,,,
776,,,,,Web development,Female,Beginner,Ogun state,24/11/2023 12:17,,,,,
777,,,,,Data analysis,Female,Beginner,Lagos,25/11/2023 04:13,,,,,
778,,,,,Business Analysis,Female,Beginner,Lagos,25/11/2023 05:27,,,,,
779,,,,,Business Analysis,Female,Intermediate,Lagos state,25/11/2023 05:43,,,,,
780,,,,,Business analysis,Female,Beginner,LASU Ojo,25/11/2023 05:52,,,,,
781,,,,,Data analysis,Male,Beginner,Lagos State university,oJo,25/11/2023 07:51,,,,
782,,,,,data science,Male,Beginner,Nigeria,25/11/2023 10:54,,,,,
783,,,,,Data Analytics,Female,Beginner,Lagos state,25/11/2023 12:55,,,,,
784,,,,,Business Analysis,Male,Beginner,Ile-Ife,25/11/2023 17:47,,,,,
785,,,,,Business Analysis,Male,,Osun State,25/11/2023 17:53,,,,,
786,,,,,Business Analysis,Female,Professional,Nigeria,26/11/2023 03:44,,,,,
787,,,,,Business analyst,Female,Beginner,Ogun state ifo,26/11/2023 15:47,,,,,
788,,,,,Marketing,Female,Beginner,Lagos,27/11/2023 08:00,,,,,
789,,,,,Web development Backend,Female,Beginner,Lagos State,28/11/2023 17:36,,,,,
790,,,,,Data Analysis,Female,Beginner,Kosofe Ikorodu Lagos state,01/12/2023 13:13,,,,,
791,,,,,Web development,Male,Beginner,USA,02/12/2023 06:17,,,,,
792,,,,,Web development,Female,Beginner,Adeleke University, Ede. Osun State,03/12/2023 05:59,,,,
793,,,,,Digital Marketing,Male,Professional,Abeokuta,04/12/2023 14:34,,,,,
794,,,,,Wed development,Male,Beginner,Lagos,05/12/2023 23:14,,,,,
795,,,,,Backend & front end,Male,Beginner,Oniru, V.I,07/12/2023 07:54,,,,
796,,,,,Data Science,Female,,Lagos State,07/12/2023 13:53,,,,,
797,,,,,TECH,Male,Intermediate,LAGOS NIGERIA,07/12/2023 16:07,,,,,
798,,,,,Web Development,Female,Beginner,United Kingdom,08/12/2023 09:00,,,,,
799,,,,,Financial analysis,Female,Beginner,10.Paradise Estate Ado-Ekiti Ekiti state,08/12/2023 23:12,,,,,
800,,,,,Data Analysis,Female,Intermediate,Lagos,12/12/2023 09:15,,,,,
801,,,,,Data analysis,Female,Beginner,Sango OTA Ogun state,17/12/2023 21:03,,,,,
802,,,,,DATA ANALYSIS,Female,Beginner,Lagos,20/12/2023 14:42,,,,,
803,,,,,Web developer,Female,Intermediate,Lagos,20/12/2023 22:21,,,,,
804,,,,,Data science,Female,Beginner,Ekiti,21/12/2023 09:36,,,,,
805,,,,,Project Management, Business Analysis,Male,Beginner,Lagos,21/12/2023 16:56,,,,
806,,,,,Web design,Female,Beginner,Lagos state,21/12/2023 17:06,,,,,
807,,,,,Graphics,Female,Beginner,Ogun state,21/12/2023 17:08,,,,,
808,,,,,Cybersecurity,Female,Beginner,Lagos , Nigeria,21/12/2023 17:15,,,,
809,,,,,Web design,Female,Intermediate,Lagos,21/12/2023 17:39,,,,,
810,,,,,Data Science,Male,Beginner,Lagos,21/12/2023 19:23,,,,,
811,,,,,UI/UX,Female,Beginner,Lagos,22/12/2023 00:05,,,,,
812,,,,,Back end business,Male,Beginner,Lagos,22/12/2023 01:24,,,,,
813,,,,,Data Analytics,Female,Beginner,USA,22/12/2023 03:41,,,,,
814,,,,,Data Analysis,Male,Beginner,Lagos,22/12/2023 10:10,,,,,
815,,,,,Business analysis,Female,,Lagos,22/12/2023 11:37,,,,,
816,,,,,Data Analysis,Female,Beginner,United Kingdom,22/12/2023 12:44,,,,,
817,,,,,Business Analyst,Female,Beginner,Nigeria,22/12/2023 15:37,,,,,
818,,,,,Product management,Female,Beginner,Abeokuta,Ogunstate, Nigeria,22/12/2023 20:02,,,
819,,,,,UI/UX Design,Female,Beginner,Kumpayi olodo Ibadan,23/12/2023 00:38,,,,,
820,,,,,Tech,Female,Beginner,Lagos,23/12/2023 03:45,,,,,
821,,,,,Software Technology,Female,Beginner,Nigeria,23/12/2023 09:01,,,,,
822,,,,,Tech/digital marketing,Female,Beginner,Ibadan, Oyo state,23/12/2023 10:13,,,,
823,,,,,Tech,Female,Beginner,Ilorin,24/12/2023 00:07,,,,,
